,Word,Frequency
0,tje,1
1,rma,301
2,icue,88
3,hub,21
4,troubleshooting,17
5,flawlessly,5
6,warranty,258
7,recieved,14
8,smoothe,1
9,abysmal,13
10,renders,1
11,worthless,2
12,clowns,2
13,xd,1
14,headset,173
15,disconnecting,3
16,headsets,15
17,trash,24
18,vengeance,31
19,bsod,3
20,stockist,1
21,nh,1
22,ssdwhen,1
23,mouthed,1
24,unhelpful,6
25,plebs,1
26,psu,186
27,whas,1
28,dispach,1
29,froms,1
30,refurbished,46
31,beware,17
32,hdd,6
33,soul,3
34,agonizing,1
35,terse,1
36,uncaring,3
37,deceptive,1
38,negligence,3
39,inv,1
40,rtx,8
41,tdp,1
42,dreadful,3
43,subpar,1
44,dismissiveness,1
45,exchanged,4
46,understatement,2
47,brushing,1
48,crap,19
49,refuses,7
50,uninstalled,2
51,uninstallers,1
52,thee,1
53,looses,3
54,fps,1
55,dissappeared,1
56,abyss,1
57,dominator,8
58,warrenty,3
59,replies,19
60,concidering,1
61,glossed,1
62,gpu,14
63,polarizing,2
64,props,1
65,rgb,118
66,proponent,2
67,unsatisfied,4
68,utmost,1
69,kidding,2
70,lazy,2
71,bea,1
72,brilliant,3
73,sockets,1
74,mislead,2
75,canceled,11
76,bbb,4
77,cpus,1
78,homeoffice,1
79,colorscheme,1
80,absolutly,1
81,overhyped,1
82,bummer,2
83,que,2
84,ique,1
85,corsir,1
86,ranbow,1
87,recognize,1
88,reponsive,1
89,wouldnt,4
90,bios,3
91,cmos,4
92,junkboxes,1
93,substandard,4
94,garbagecan,1
95,warrantee,2
96,capellix,10
97,xti,1
98,radiator,6
99,happend,1
100,dismantled,1
101,loosing,1
102,thaught,1
103,leakage,1
104,xt,7
105,greets,1
106,chipped,1
107,scross,1
108,reciepts,1
109,wherefrom,1
110,rep,34
111,verifying,1
112,vid,2
113,naïve,2
114,sabre,3
115,slipstream,1
116,dongle,12
117,disconnects,3
118,wtfff,1
119,shippingdisastrous,1
120,edit,80
121,uncontrollable,2
122,deliverer,1
123,europeffs,1
124,advisers,1
125,callback,1
126,disconnection,1
127,grayed,1
128,revo,1
129,shockingly,5
130,screenshots,4
131,oxymoron,1
132,bestbuy,4
133,kvm,3
134,llevo,1
135,dias,1
136,sin,1
137,ninguna,1
138,respuesta,1
139,smelled,1
140,harpoon,8
141,cpu,34
142,reinsert,1
143,registers,1
144,distain,1
145,invoice,28
146,pdf,8
147,reputable,7
148,favor,3
149,ddr,23
150,faq,2
151,occasions,4
152,pounds,4
153,appalling,12
154,absoloute,1
155,asus,3
156,tuf,1
157,oc,1
158,nvidia,4
159,sayung,1
160,apologize,10
161,scammers,6
162,corsaire,2
163,malfunctioning,6
164,reciever,9
165,overpriced,8
166,shameful,2
167,peformance,1
168,lian,2
169,airflow,11
170,majorm,1
171,mic,11
172,headphone,4
173,serial,20
174,honor,7
175,legit,2
176,honoring,3
177,thier,3
178,waivered,1
179,screwing,2
180,rbg,10
181,malfunctioned,1
182,rattling,4
183,incompetence,2
184,gamimg,1
185,scamming,1
186,probaly,1
187,scammed,2
188,grabbing,1
189,dented,1
190,shovelling,1
191,logitech,7
192,prepaid,12
193,connectors,1
194,configure,1
195,xmp,2
196,bsods,2
197,cos,1
198,daysbought,1
199,newoverheating,1
200,nowhereno,1
201,australiacurrently,1
202,surfing,1
203,iphonewould,1
204,motherboard,17
205,dimm,2
206,rests,3
207,yikes,2
208,headphones,31
209,misc,1
210,info,31
211,wording,2
212,reorder,4
213,disrespectful,3
214,unprofessional,5
215,palit,1
216,omniblack,1
217,moar,1
218,michaelg,1
219,ned,1
220,unscrews,1
221,escalate,3
222,cking,2
223,rendered,1
224,unusable,6
225,cr,1
226,virtuoso,11
227,houshold,1
228,logi,2
229,keycaps,10
230,dhl,46
231,voided,3
232,frickin,1
233,lousy,2
234,transacting,1
235,namedjérémy,1
236,exellent,1
237,scathing,1
238,app,2
239,boot,5
240,uninstall,2
241,uninstalls,1
242,haha,2
243,lapboard,1
244,pads,6
245,reps,13
246,rasied,1
247,retrofit,3
248,aio,32
249,postnl,2
250,watercoolers,1
251,supurb,1
252,liers,1
253,costumer,6
254,elgato,13
255,politely,3
256,fulfilled,3
257,courier,11
258,receipts,7
259,void,34
260,messaged,7
261,compatibility,4
262,lga,2
263,sku,2
264,screws,16
265,uhd,1
266,whine,4
267,amthen,1
268,diff,1
269,stinks,1
270,dissatifaction,1
271,stink,1
272,beginners,1
273,becuase,1
274,rmx,5
275,modularity,1
276,aesthetic,1
277,dabbled,1
278,threating,1
279,jeg,8
280,købte,1
281,ssd,16
282,virkede,1
283,lige,1
284,starten,1
285,forsøgte,1
286,få,3
287,hjælp,1
288,supportteam,1
289,har,2
290,slet,1
291,været,1
292,hjælpsomme,1
293,besvare,1
294,spørgsmål,1
295,om,2
296,garantien,1
297,eller,1
298,hjælpe,2
299,mig,1
300,disken,1
301,fungere,1
302,det,2
303,værste,1
304,kundeservice,1
305,nogensinde,1
306,oplevet,1
307,gøre,1
308,tingene,1
309,værre,1
310,nægtede,1
311,overholde,1
312,garanti,2
313,fordi,1
314,fjernede,1
315,klistermærke,2
316,eget,1
317,anbefalede,1
318,fjerne,1
319,dette,2
320,hvis,2
321,installerer,1
322,hvilket,1
323,præcis,1
324,hvad,2
325,gjorde,1
326,giver,1
327,mening,1
328,fortælle,1
329,så,3
330,nægte,1
331,når,3
332,følger,1
333,råd,1
334,virkelig,2
335,skuffet,1
336,komme,1
337,videre,1
338,fungerende,1
339,ser,1
340,ud,1
341,være,1
342,ligeglade,1
343,ønsker,1
344,vide,1
345,før,1
346,køber,3
347,rettes,1
348,kundeservicen,1
349,afholde,1
350,loven,1
351,angår,1
352,langt,1
353,væk,1
354,gentage,1
355,oplevelse,1
356,clumsy,1
357,oaf,1
358,escalated,11
359,manger,1
360,fobbed,1
361,rectified,1
362,refrain,1
363,receipt,48
364,againi,1
365,apologising,1
366,bankrupt,4
367,extremly,2
368,keyboarad,1
369,mousepad,7
370,sneaky,1
371,diabolical,2
372,technicalties,1
373,streamer,1
374,btw,3
375,updating,12
376,unimpressed,2
377,mishap,2
378,upping,1
379,labeled,4
380,strafe,7
381,stub,1
382,reimbursing,1
383,mentionable,2
384,realize,5
385,additionally,5
386,cad,3
387,nonexistent,2
388,flaw,4
389,expedite,5
390,unplug,1
391,replug,1
392,becourse,1
393,theres,3
394,colors,3
395,setup,10
396,els,1
397,rad,1
398,importened,1
399,ruining,3
400,crach,1
401,pisses,1
402,seevice,1
403,cheapiest,2
404,stabilize,1
405,wich,3
406,drugged,1
407,fir,1
408,thru,1
409,motherboards,1
410,aaa,1
411,redeem,1
412,coupon,2
413,queue,2
414,sympathy,1
415,colorimeter,2
416,advertised,3
417,remarked,1
418,color,8
419,srgb,1
420,adobergb,1
421,gamut,1
422,editing,2
423,videocontent,1
424,unwatchable,1
425,benq,1
426,oled,1
427,likethat,1
428,sby,1
429,mistakethey,1
430,pwm,1
431,replacements,13
432,secondhand,1
433,refurb,4
434,waterblock,2
435,stitching,3
436,immaculate,1
437,mistreated,1
438,mmorpg,1
439,scimitar,13
440,scrolling,3
441,recognizing,1
442,lcd,5
443,sleek,1
444,keypads,1
445,keypad,1
446,disconnect,3
447,clearest,1
448,peripherals,21
449,hnl,1
450,repacked,1
451,resent,1
452,deluth,1
453,ga,1
454,belinda,1
455,notifications,1
456,bots,1
457,pretending,1
458,favorite,1
459,tier,8
460,degrading,1
461,evangelist,1
462,absurdity,1
463,rhyme,1
464,unboxing,1
465,hrs,3
466,congratulations,1
467,whomever,1
468,pumps,1
469,thermals,1
470,sanding,1
471,vengence,5
472,lables,2
473,occassions,1
474,mat,5
475,actully,1
476,headband,2
477,rufurbished,1
478,normaly,1
479,oficial,1
480,recieve,6
481,emplyees,1
482,quaility,1
483,wedensday,1
484,rmaing,1
485,cs,19
486,warrnaty,1
487,disclaimer,1
488,justifying,1
489,pathetic,2
490,helpdesk,1
491,handsupdate,1
492,delived,1
493,summary,3
494,helpfull,1
495,thankfull,1
496,servicepsu,1
497,medont,1
498,backlight,1
499,backlights,1
500,resetting,2
501,blackmail,1
502,belated,1
503,th,1
504,rolls,2
505,backordered,2
506,nvr,1
507,nvme,4
508,partitioned,1
509,sloppy,1
510,eindhoven,1
511,clearings,1
512,fas,1
513,doubtfull,1
514,amaze,2
515,mismanagent,1
516,coudl,1
517,escalations,7
518,righted,1
519,wrongs,1
520,consair,1
521,thief,5
522,fyi,3
523,relegated,1
524,subwoofer,1
525,alienware,3
526,sanity,1
527,willingness,1
528,deferring,1
529,personalized,1
530,gripe,1
531,downtime,1
532,paperclip,1
533,replys,3
534,inconvenience,4
535,stutters,2
536,dodgy,1
537,charred,3
538,smoothest,1
539,bundled,1
540,blistered,1
541,serials,1
542,waaaay,1
543,lackluster,1
544,hp,3
545,expired,6
546,explainable,1
547,yep,1
548,mailed,3
549,arma,3
550,dispatch,5
551,couldnt,4
552,reponses,1
553,rebadges,1
554,oems,1
555,pos,3
556,rmas,4
557,blocky,1
558,superb,5
559,phanteks,1
560,mx,5
561,kb,3
562,mk,3
563,polaris,2
564,merit,1
565,sorely,1
566,spec,5
567,wonderfully,1
568,ghosting,1
569,scrapes,1
570,returing,1
571,dealbreaker,1
572,swivel,2
573,zendesk,1
574,pic,1
575,blacklisted,1
576,sidenote,1
577,edited,5
578,faqs,1
579,absolouetly,2
580,reverted,1
581,appaling,2
582,macro,4
583,ddoublle,1
584,printt,1
585,otther,1
586,lettter,1
587,rggbbb,1
588,staarrttted,1
589,faaaaail,1
590,withiin,1
591,feew,1
592,moontthsso,1
593,sockel,1
594,abysmally,1
595,resets,1
596,deletes,1
597,assignments,1
598,nightsword,1
599,remap,2
600,remapped,1
601,obsolescence,1
602,tutorial,1
603,razer,8
604,ersatz,1
605,ich,6
606,habe,4
607,meinem,1
608,verloren,1
609,es,5
610,nicht,3
611,möglich,1
612,einen,2
613,neuen,2
614,zu,1
615,bestellen,1
616,mich,1
617,gewendet,1
618,schnelle,1
619,reaktion,1
620,und,4
621,auf,3
622,kulanz,1
623,kostenlos,1
624,bekommen,1
625,nummer,1
626,innerhalb,1
627,einer,1
628,woche,1
629,besser,1
630,geht,1
631,expediated,1
632,tedious,2
633,reclamation,2
634,hilarious,1
635,obligated,1
636,appreciated,5
637,realized,9
638,aftercare,2
639,na,2
640,displayport,1
641,hdmi,1
642,inconveniences,1
643,complely,1
644,retrospect,1
645,outset,1
646,hs,3
647,ment,1
648,browns,1
649,dec,4
650,jaclyn,1
651,ax,1
652,webstore,3
653,insane,1
654,communicated,2
655,rectify,3
656,sav,1
657,custumer,1
658,wher,1
659,evga,9
660,cp,1
661,wwexcellentthis,1
662,complimentary,1
663,upto,1
664,excellenti,1
665,confidently,1
666,firmware,24
667,headest,2
668,doesnt,9
669,apparantly,1
670,havent,2
671,covid,33
672,ou,1
673,bonjour,1
674,voila,1
675,leur,2
676,réponse,1
677,nouvelles,1
678,lanette,1
679,sept,2
680,à,1
681,lanettecode,1
682,reçu,1
683,merci,1
684,obvioulsy,1
685,suseptable,1
686,dunno,1
687,wil,1
688,ltake,1
689,requisite,1
690,mech,1
691,approving,1
692,authorized,3
693,refunding,4
694,founders,1
695,msi,5
696,vs,2
697,boutique,1
698,prebuilt,1
699,anyday,1
700,robbed,3
701,bin,4
702,coolers,4
703,miscolored,1
704,node,12
705,weirdly,2
706,screenshot,4
707,towel,1
708,undone,1
709,troubleshoot,3
710,coloring,1
711,hindrances,1
712,tad,4
713,wrest,1
714,keyb,1
715,pricy,1
716,glides,1
717,messing,1
718,cappelix,1
719,tldr,2
720,detach,2
721,payed,10
722,reseller,2
723,tidbit,1
724,thusly,1
725,ironclaw,9
726,powersupply,4
727,wanna,2
728,wack,1
729,intents,1
730,mousewheels,1
731,casing,3
732,mouseframe,1
733,reconnecting,1
734,crapped,1
735,deadpan,1
736,breakage,1
737,unworthy,1
738,sturdy,3
739,messed,1
740,locomotive,1
741,inaudible,1
742,equalizerapo,1
743,ccorsair,1
744,fuckig,1
745,stickers,4
746,lastest,1
747,programing,1
748,runningsince,1
749,pis,1
750,dell,2
751,acknowledgement,5
752,aios,1
753,anytime,5
754,ticked,5
755,boxed,4
756,infuriates,1
757,communiques,1
758,shall,2
759,earpads,9
760,skype,6
761,nonsensical,1
762,dictates,1
763,earpad,1
764,ridiculously,2
765,medicore,1
766,yr,1
767,livid,1
768,iota,1
769,dint,1
770,ergo,1
771,communique,2
772,screwed,7
773,agressive,1
774,doctrine,1
775,corsairone,2
776,servicemy,1
777,apologetic,2
778,geek,1
779,disingenuously,1
780,stringing,1
781,fricking,1
782,gamed,1
783,incompetently,1
784,unexplainable,1
785,funs,1
786,io,5
787,reinstalling,1
788,instagram,1
789,insta,1
790,pics,1
791,bless,1
792,accidently,3
793,spilled,1
794,warantee,1
795,dissapointed,3
796,opxthe,1
797,saga,2
798,facebook,4
799,tripadvisor,1
800,brexit,1
801,amicable,1
802,fremont,1
803,doa,2
804,startet,1
805,realy,1
806,painfull,2
807,connectet,1
808,pluged,1
809,radomly,1
810,scuffed,1
811,powering,2
812,defenently,1
813,overrides,1
814,atx,6
815,loudly,1
816,geforce,1
817,awesome,11
818,prower,1
819,shltty,1
820,mousewheel,2
821,swore,2
822,rm,4
823,stinging,1
824,xbox,2
825,cosair,4
826,currys,5
827,bluetooth,1
828,laggy,1
829,gpus,1
830,marge,1
831,ahold,2
832,apologizing,2
833,referencing,2
834,referenced,1
835,resend,1
836,usps,7
837,fedex,6
838,statehood,1
839,labeling,1
840,trashshould,1
841,xtrify,1
842,omron,1
843,nexus,1
844,costumers,1
845,misfortune,1
846,costummer,1
847,tthan,1
848,tbh,1
849,hurry,3
850,chromebook,1
851,perfectection,1
852,kitted,1
853,disks,2
854,expedited,12
855,gimmick,1
856,repacking,1
857,bolded,1
858,securely,1
859,ghosted,3
860,techs,5
861,restocking,1
862,chargeback,1
863,lgb,2
864,lux,5
865,shamed,1
866,simona,1
867,imperfections,1
868,laughable,2
869,admittedly,1
870,spicy,2
871,audacity,1
872,quote,2
873,summarise,2
874,jabs,1
875,adamps,1
876,alas,1
877,rpg,2
878,aoi,1
879,isps,1
880,detachable,1
881,unplugging,1
882,shipper,4
883,ha,1
884,aggravation,2
885,overheats,1
886,manually,5
887,foc,1
888,cancellations,1
889,hostage,3
890,bot,4
891,upmost,1
892,modus,1
893,mouve,1
894,plz,1
895,ordernumber,1
896,tkx,1
897,intentions,1
898,booked,28
899,ithorrible,1
900,neweggs,1
901,headphoes,1
902,backlog,3
903,tinnitus,1
904,headsetreference,1
905,login,5
906,disregarded,1
907,rediculous,1
908,nonsense,4
909,seasonic,1
910,ftc,9
911,supporthad,1
912,faultless,2
913,steered,1
914,reliablt,1
915,ocassionally,1
916,sway,1
917,constnatly,1
918,humming,1
919,rpm,1
920,belive,1
921,config,2
922,netherland,1
923,reputed,1
924,crappy,2
925,obsitcles,1
926,vat,1
927,ml,1
928,af,2
929,amd,4
930,copro,1
931,infact,1
932,megen,1
933,rene,1
934,peep,1
935,merch,1
936,aggravating,1
937,begining,1
938,basicly,1
939,inadmissible,1
940,brandless,1
941,inconvinient,1
942,casecorsair,1
943,aioso,1
944,believer,1
945,deck,2
946,twitter,8
947,keyring,3
948,structurally,1
949,jacked,3
950,irritated,1
951,ignoredi,1
952,bets,1
953,customisability,1
954,roduct,1
955,bever,1
956,practically,2
957,amazonpay,3
958,eta,6
959,hopeless,1
960,pressurised,1
961,lapad,1
962,thereafter,1
963,gunmetal,1
964,factually,1
965,horrid,1
966,nari,1
967,usbs,2
968,reimbursed,3
969,cyber,2
970,falsk,2
971,reklameføring,2
972,funktion,2
973,virker,1
974,careless,1
975,nickeled,1
976,dimed,1
977,nickle,1
978,dime,4
979,adapter,2
980,ect,1
981,replying,7
982,unwillingness,1
983,αϊ,1
984,στον,1
985,διαολο,1
986,yelling,1
987,mins,6
988,heck,2
989,unclick,1
990,kaylae,1
991,updatecorsair,1
992,memtest,3
993,whatttt,1
994,cmsx,1
995,sodimm,1
996,ericcorsair,1
997,vengance,2
998,coud,1
999,saller,1
1000,reachable,1
1001,indiaservice,1
1002,sooo,2
1003,servicein,1
1004,darkcore,2
1005,faille,1
1006,unknow,1
1007,dangling,1
1008,unplugged,2
1009,braid,1
1010,frayed,1
1011,outofstock,1
1012,instock,1
1013,nov,2
1014,carbide,4
1015,thumbscrews,1
1016,misunderstandings,1
1017,ramped,1
1018,hyped,1
1019,fba,1
1020,warranties,7
1021,obliges,1
1022,disgustingly,1
1023,intrude,1
1024,ardent,1
1025,irony,1
1026,annoyance,1
1027,samsung,2
1028,sabrent,1
1029,atrocious,4
1030,watercooler,2
1031,oem,1
1032,timehigh,1
1033,patronage,1
1034,modular,1
1035,horror,4
1036,despicable,2
1037,fiasco,1
1038,baddest,2
1039,smps,3
1040,amazingfor,1
1041,supportgreat,1
1042,productsmediocre,1
1043,softwaredefinitely,1
1044,flawless,1
1045,gigabyte,1
1046,insisted,3
1047,slapped,1
1048,clueless,1
1049,idk,3
1050,accountabilty,1
1051,profusely,2
1052,reevaluate,1
1053,reads,3
1054,caved,1
1055,ssuucckk,2
1056,ernd,1
1057,troublesome,1
1058,timezone,1
1059,uphold,1
1060,orderi,1
1061,cam,2
1062,ammend,2
1063,asap,1
1064,sorta,1
1065,tutorials,1
1066,argb,1
1067,lase,1
1068,excused,1
1069,corasir,1
1070,sata,1
1071,ny,1
1072,rang,2
1073,cal,1
1074,proceeded,2
1075,soso,1
1076,tidy,2
1077,specifiying,1
1078,intel,2
1079,backup,3
1080,approx,2
1081,startup,1
1082,hm,1
1083,dishonours,1
1084,tires,1
1085,tire,2
1086,unauthorized,2
1087,speechless,1
1088,apologized,2
1089,reapplied,1
1090,assignment,2
1091,sonny,1
1092,usd,1
1093,disengaged,1
1094,hmm,1
1095,carei,1
1096,happyrma,1
1097,corsairorder,1
1098,pls,1
1099,uprma,1
1100,orderd,1
1101,toke,1
1102,aften,1
1103,fittings,2
1104,starssupport,1
1105,corasair,1
1106,solvedover,1
1107,recipt,2
1108,aint,1
1109,insure,1
1110,util,1
1111,pissed,1
1112,patiently,3
1113,untill,3
1114,lately,2
1115,psa,1
1116,malarkey,1
1117,lable,1
1118,pickup,2
1119,answersorder,1
1120,demetrius,1
1121,drick,1
1122,fuss,1
1123,caseedit,1
1124,vdh,1
1125,ryzen,2
1126,aka,1
1127,thr,1
1128,wuicker,1
1129,levelall,1
1130,sooooo,2
1131,unreal,2
1132,rebranded,1
1133,slack,1
1134,insist,1
1135,unneeded,1
1136,revamp,1
1137,connector,1
1138,pst,1
1139,pallet,2
1140,guidlines,1
1141,backlogs,2
1142,pcworld,2
1143,notch,2
1144,refurbed,1
1145,spanking,1
1146,furst,1
1147,whit,2
1148,shouldnt,1
1149,hasnt,1
1150,nunber,1
1151,inquires,1
1152,reviewers,2
1153,hiccup,1
1154,impactcorsair,1
1155,distancing,1
1156,hiring,1
1157,comfacebook,1
1158,comcorsairtwitter,1
1159,comcorsairapparently,1
1160,statuses,1
1161,orderorder,1
1162,ass,1
1163,roberto,1
1164,itll,1
1165,trackpad,1
1166,freezes,2
1167,swear,1
1168,sf,2
1169,kitsi,1
1170,keylight,1
1171,shorty,1
1172,farce,1
1173,appreciative,1
1174,annoyed,3
1175,roth,1
1176,thanksnilesh,1
1177,insurmountable,1
1178,smoother,1
1179,eventuall,1
1180,rulewe,1
1181,legality,1
1182,butt,1
1183,consents,1
1184,consented,1
1185,oryou,1
1186,processorder,1
1187,booting,1
1188,duly,1
1189,truthful,1
1190,fulfill,2
1191,clerical,1
1192,sff,1
1193,comms,1
1194,servic,1
1195,understating,1
1196,atleast,1
1197,reponse,1
1198,owe,2
1199,greed,1
1200,longtime,2
1201,somethings,1
1202,headrest,2
1203,script,1
1204,xxxxxxx,1
1205,feedbacks,1
1206,crosair,1
1207,tweet,2
1208,razor,3
1209,disapointed,1
1210,coronavirus,1
1211,hung,3
1212,hillarious,1
1213,spazzing,1
1214,coursair,1
1215,everyones,1
1216,imo,1
1217,synapse,1
1218,youll,2
1219,childs,1
1220,programmer,1
1221,streaming,1
1222,aesthetics,2
1223,computeryesterday,1
1224,mobo,3
1225,dispearing,1
1226,discontinues,1
1227,rechargingsince,1
1228,inconvenienced,1
1229,undoing,1
1230,ombudsmen,1
1231,unorganized,1
1232,refunds,1
1233,runarounds,1
1234,refusals,1
1235,upfront,2
1236,lifes,2
1237,humanity,1
1238,missin,1
1239,whie,1
1240,pops,1
1241,reattempting,1
1242,updater,1
1243,deem,1
1244,conformation,2
1245,lockdown,2
1246,producs,1
1247,overclocking,2
1248,perfectionist,1
1249,ocd,1
1250,dawned,1
1251,impatience,2
1252,timewasting,1
1253,mails,1
1254,compliments,1
1255,marican,1
1256,taht,1
1257,explicitly,1
1258,controled,1
1259,fullest,1
1260,ps,1
1261,thx,1
1262,wile,1
1263,mercedes,1
1264,transferable,2
1265,invoices,2
1266,hex,1
1267,proccess,1
1268,shi,1
1269,sickening,1
1270,wining,1
1271,wanner,1
1272,dram,3
1273,thingking,1
1274,reconnect,1
1275,keybored,1
1276,hmmm,1
1277,avatar,1
1278,specs,1
1279,aug,1
1280,rulesadmin,1
1281,webdesignforums,1
1282,groupfounder,1
1283,admin,2
1284,ze,1
1285,omit,1
1286,password,7
1287,logins,1
1288,username,2
1289,facepalmhere,1
1290,woefully,1
1291,schematic,4
1292,bling,1
1293,sayin,1
1294,ts,2
1295,polices,1
1296,weasel,1
1297,maximize,1
1298,rapidfire,1
1299,productswould,1
1300,jeniffer,1
1301,carlo,1
1302,kudos,1
1303,arficalgary,1
1304,platnium,1
1305,ticking,2
1306,evey,1
1307,delayd,1
1308,hated,1
1309,adaptor,1
1310,roller,1
1311,coaster,1
1312,prespective,1
1313,existant,1
1314,tweeted,1
1315,absymal,1
1316,uneasy,1
1317,een,1
1318,tho,4
1319,xms,1
1320,oranization,1
1321,reimburse,1
1322,againwith,1
1323,evrything,1
1324,irritatin,1
1325,gurgling,1
1326,sideran,1
1327,gbps,1
1328,bliver,2
1329,defekte,1
1330,regne,1
1331,nogle,1
1332,samme,1
1333,kommer,1
1334,noget,1
1335,som,1
1336,dårligere,1
1337,kun,1
1338,tilbudt,1
1339,moduler,1
1340,anbefale,1
1341,elendigt,1
1342,supportupdate,1
1343,latency,1
1344,unpackaged,1
1345,prepair,1
1346,adres,1
1347,motheboard,1
1348,analyze,1
1349,outlived,1
1350,oct,2
1351,spam,2
1352,guesses,1
1353,mindless,1
1354,pct,1
1355,est,1
1356,rmi,1
1357,math,1
1358,buddies,1
1359,understandable,1
1360,wattage,2
1361,nicer,1
1362,binned,1
1363,bankanswer,1
1364,pathetical,2
1365,jure,1
1366,rescrewable,1
1367,chocked,1
1368,manunecters,1
1369,firstr,1
1370,ukid,1
1371,backorder,1
1372,phony,1
1373,safari,1
1374,reboot,1
1375,duster,1
1376,traction,1
1377,pester,1
1378,contemplate,1
1379,ref,1
1380,reimbursement,2
1381,adress,2
1382,stole,3
1383,espinoza,1
1384,keyboardjust,1
1385,upped,1
1386,amhello,1
1387,malvar,1
1388,jul,2
1389,pdt,3
1390,jun,1
1391,underwhelming,1
1392,roghly,1
1393,flickers,1
1394,preferably,1
1395,againticket,1
1396,robbery,1
1397,gtx,1
1398,zen,2
1399,migrated,1
1400,kicker,1
1401,deleted,4
1402,thanksmatt,1
1403,synced,1
1404,preface,1
1405,kingston,2
1406,disheartening,1
1407,thereof,3
1408,unnerving,1
1409,cursory,1
1410,hyperx,1
1411,distro,1
1412,reinstalled,1
1413,amazes,1
1414,soldering,1
1415,formulaic,1
1416,underestimating,1
1417,filthy,2
1418,filth,1
1419,utter,1
1420,shill,1
1421,storefront,1
1422,ineffectual,1
1423,earshot,1
1424,lapdog,1
1425,couch,1
1426,leveraged,1
1427,overlookable,1
1428,suppliesthe,1
1429,lapdogtwo,1
1430,dependable,1
1431,aliexpress,1
1432,nonexistant,1
1433,abhorrent,1
1434,inexcusable,1
1435,fortunate,1
1436,eternally,1
1437,openhistorical,1
1438,ghz,1
1439,pinhole,1
1440,browsing,1
1441,mem,1
1442,relivent,2
1443,repackaged,1
1444,blatantly,2
1445,deffective,1
1446,auitomatic,1
1447,finaly,1
1448,afterward,1
1449,warrantyyour,1
1450,currious,1
1451,paranoid,1
1452,intakescons,1
1453,eh,1
1454,dmv,1
1455,litany,1
1456,platitudes,2
1457,segue,1
1458,laurence,1
1459,vail,1
1460,peralta,1
1461,luigi,1
1462,rg,2
1463,techie,1
1464,requestededit,1
1465,eventhough,2
1466,iit,1
1467,courrier,1
1468,essay,1
1469,persistently,1
1470,ah,1
1471,cheapo,1
1472,undelivered,1
1473,illegaly,1
1474,waybill,2
1475,unsupportive,1
1476,krones,2
1477,awhile,1
1478,dissatisfying,1
1479,teammates,1
1480,fansst,1
1481,standh,1
1482,rmxpc,1
1483,hising,1
1484,rudely,1
1485,keln,1
1486,mb,1
1487,storybought,1
1488,memoryone,1
1489,platinium,1
1490,bye,2
1491,renting,1
1492,asit,1
1493,saysthey,1
1494,experince,1
1495,petty,1
1496,pasted,2
1497,dude,1
1498,disregard,1
1499,heartbroken,1
1500,cmd,4
1501,disgusted,1
1502,quiest,1
1503,beyerdynamics,1
1504,rubbers,1
1505,reconized,1
1506,wasent,1
1507,helpticket,1
1508,nr,4
1509,goten,1
1510,po,1
1511,boxs,1
1512,doesalso,1
1513,youre,2
1514,insanely,1
1515,upcharges,1
1516,timesince,1
1517,ble,1
1518,dp,1
1519,wmj,1
1520,voidpro,1
1521,uncompassionate,1
1522,gt,1
1523,throttles,1
1524,itemized,1
1525,decently,1
1526,disinterested,1
1527,plod,1
1528,disrespecting,1
1529,unprofessionally,1
1530,displeased,1
1531,chatted,1
1532,rectifying,1
1533,twists,1
1534,chats,2
1535,arrangememnts,1
1536,aswell,3
1537,ton,1
1538,lien,1
1539,generously,1
1540,badgering,1
1541,appart,1
1542,blacklisting,1
1543,seperately,1
1544,miserable,1
1545,utterly,2
1546,thingy,1
1547,keycap,5
1548,vagueness,1
1549,postal,2
1550,mailing,1
1551,headway,1
1552,unambiguous,1
1553,forumsmain,1
1554,infront,1
1555,unknowingly,1
1556,realization,1
1557,awoke,1
1558,calvin,3
1559,increasily,1
1560,beleive,1
1561,rmaed,1
1562,texted,1
1563,outsourced,2
1564,purposeful,1
1565,untrained,1
1566,darrylupdate,1
1567,portal,5
1568,glorious,1
1569,funnily,1
1570,bah,1
1571,automates,1
1572,expiration,1
1573,weaved,1
1574,infuriating,1
1575,nodepro,1
1576,mei,1
1577,keeped,1
1578,disassembly,1
1579,qa,1
1580,winkey,1
1581,sidelights,2
1582,performace,1
1583,sic,1
1584,sidelightings,1
1585,toggle,1
1586,sidelight,1
1587,huh,1
1588,meh,1
1589,definetly,1
1590,yo,1
1591,wit,1
1592,rebrand,1
1593,replayed,1
1594,conact,1
1595,wihin,1
1596,foolishly,1
1597,frustratingly,1
1598,ducky,1
1599,bugged,1
1600,ebuyer,1
1601,inplay,1
1602,temp,1
1603,sdram,3
1604,analyzed,1
1605,dissipation,1
1606,bough,1
1607,pish,1
1608,doesent,1
1609,supportseriously,1
1610,bricked,1
1611,pp,1
1612,fuc,1
1613,prepubescent,1
1614,kiddo,1
1615,experienceon,1
1616,cmk,1
1617,maglev,1
1618,richardts,1
1619,patriot,1
1620,noctua,1
1621,maplin,2
1622,ether,1
1623,gfys,1
1624,processs,1
1625,unsocial,1
1626,donna,1
1627,youtuber,1
1628,situationthank,1
1629,faulted,2
1630,lpx,3
1631,chassi,1
1632,outsource,1
1633,neighbors,1
1634,currecntly,1
1635,incompetenti,1
1636,illiterate,2
1637,spelled,1
1638,ballocks,1
1639,bendt,1
1640,reciept,1
1641,replacment,1
1642,unopened,1
1643,bs,1
1644,ackowledge,1
1645,gute,1
1646,qualität,1
1647,allerdings,2
1648,ist,3
1649,mein,1
1650,garantiefall,1
1651,gerade,1
1652,das,2
1653,netzteil,1
1654,längst,1
1655,hingeschickt,1
1656,sendungsverfolgung,1
1657,auch,2
1658,definitiv,1
1659,angekommen,2
1660,wurde,1
1661,immer,1
1662,noch,1
1663,als,1
1664,markiert,1
1665,meine,1
1666,wo,1
1667,deswegen,1
1668,nachfrage,1
1669,antwortet,1
1670,niemand,1
1671,schon,1
1672,ziemlich,1
1673,dreist,1
1674,vor,1
1675,allem,1
1676,weil,1
1677,austauschartikel,1
1678,dringend,1
1679,benötige,1
1680,sollte,1
1681,sich,1
1682,etwas,1
1683,ändern,1
1684,gibt,1
1685,wieder,1
1686,eine,1
1687,bessere,1
1688,bewertung,1
1689,inacceptable,1
1690,suddently,1
1691,wordsproduct,1
1692,mediumsupport,1
1693,endthat,1
1694,recived,1
1695,capacitor,1
1696,sketchy,1
1697,runaround,2
1698,utilize,1
1699,cyrus,1
1700,preety,2
1701,cooliong,3
1702,afdter,1
1703,monhths,1
1704,foward,1
1705,tht,2
1706,shiping,4
1707,thjey,1
1708,doin,1
1709,ca,1
1710,bec,1
1711,compnay,1
1712,dosent,1
1713,wanmna,1
1714,spen,1
1715,packeging,1
1716,thumbbuttons,2
1717,sennheiser,1
1718,anothee,1
1719,updatei,1
1720,delight,1
1721,horrors,1
1722,omg,1
1723,underpaid,1
1724,scripted,1
1725,clearout,1
1726,carboot,1
1727,ointment,1
1728,intrested,1
1729,invalidating,1
1730,invalidate,1
1731,remanufactured,1
1732,pocketiung,1
1733,inspite,1
1734,regained,1
1735,rented,1
1736,suprise,1
1737,threatend,1
1738,businnes,1
1739,zijlstra,1
1740,nok,1
1741,unfortunatly,1
1742,oozes,1
1743,shined,1
1744,rmaservice,1
1745,comminications,1
1746,antec,1
1747,enermax,1
